{"_hat":{"x":0,"y":140,"enabled":false,"halign":"LEFT","valign":"TOP"},"_belt":{"x":0,"y":80,"enabled":false,"halign":"LEFT","valign":"TOP"},"_hand":{"x":0,"y":240,"enabled":false,"halign":"LEFT","valign":"TOP"},"_face":{"x":0,"y":20,"enabled":false,"halign":"LEFT","valign":"TOP"},"_necklace":{"x":0,"y":120,"enabled":false,"halign":"LEFT","valign":"TOP"},"_charm":{"x":0,"y":40,"enabled":false,"halign":"LEFT","valign":"TOP"},"_shoes":{"x":0,"y":200,"enabled":false,"halign":"LEFT","valign":"TOP"},"_anklet":{"x":0,"y":160,"enabled":false,"halign":"LEFT","valign":"TOP"},"_cape":{"x":0,"y":220,"enabled":false,"halign":"LEFT","valign":"TOP"},"_back":{"x":0,"y":100,"enabled":false,"halign":"LEFT","valign":"TOP"},"_wrist":{"x":0,"y":180,"enabled":false,"halign":"LEFT","valign":"TOP"},"_ring":{"x":0,"y":60,"enabled":false,"halign":"LEFT","valign":"TOP"}}