{
  "biomes": {
    "has_sugi_forest": true,
    "has_windswept_sugi_forest": true,
    "has_blooming_sugi_forest": true,
    "has_lavender_fields": true,
    "has_marsh": true,
    "has_bamboo_wetlands": true,
    "has_wisteria_forest": true,
    "has_redwood_forest": true,
    "has_snowy_redwood_forest": true,
    "has_aspen_forest": true,
    "has_maple_woodlands": true,
    "has_golden_wilds": true,
    "has_marigold_meadows": true,
    "has_fir_forest": true,
    "has_snowy_fir_forest": true,
    "has_cypress_fields": true,
    "has_carnation_fields": true,
    "has_stratified_desert": true,
    "has_blooming_dunes": true,
    "has_lively_dunes": true,
    "has_drylands": true,
    "has_wooded_drylands": true,
    "has_xeric_plains": true,
    "has_white_cliffs": true,
    "has_prairie": true,
    "has_oak_savanna": true,
    "has_heather_fields": true,
    "has_tundra": true,
    "has_alpine_clearings": true,
    "has_alpine_highlands": true,
    "has_coniferous_covert": true,
    "has_amber_covert": true,
    "has_boreal_taiga": true,
    "has_tropical_shores": true,
    "has_tropical_woods": true,
    "has_sparse_tropical_woods": true,
    "has_tropical_basin": true,
    "has_arid_savanna": true,
    "has_scorched_dunes": true,
    "has_flowering_shrubland": true,
    "has_shrubland": true,
    "has_arid_highlands": true,
    "has_shrubby_highlands": true,
    "has_woody_highlands": true,
    "has_red_peaks": true,
    "has_dusty_slopes": true,
    "has_snowcapped_red_peaks": true,
    "has_sleeted_slopes": true,
    "has_blooming_highlands": true,
    "has_chaparral": true,
    "has_floral_ridges": true
  },
  "region_weights": {
    "terra_ferax_frequency": 4,
    "terra_solaris_frequency": 4,
    "terra_flava_frequency": 4,
    "terra_laeta_frequency": 4,
    "terra_mater_frequency": 4
  },
  "misc_features": {
    "deepslate_generator": true,
    "calcite_generator": true,
    "cheese_arrow": true
  },
  "datapack_toggles": {
    "vanilla_trees_toggle": false,
    "birch_forest_toggle": true,
    "flower_forest_toggle": true,
    "jungle_toggle": true,
    "swamp_toggle": true,
    "desert_toggle": true,
    "badlands_toggle": true,
    "mountain_biomes_toggle": true,
    "savanna_toggle": true,
    "dark_forest_toggle": true,
    "windswept_hills_toggle": true
  }
}