{
  "checkForNewUpdates": true,
  "enableKeyframeAnimationsForZombieAndItsVariants": false,
  "enableKeyframeAnimationsForSkeletonAndItsVariants": false,
  "enableBetterStraySpawns": true,
  "straySpawnChance": 0.8,
  "strayMinimumYLevel": -64.0,
  "enableStraySpawners": true,
  "straySpawnerChance": 0.8,
  "enableBetterHuskSpawns": true,
  "huskSpawnChance": 0.8,
  "huskMinimumYLevel": -64.0,
  "enableHuskSpawners": true,
  "huskSpawnerChance": 0.8,
  "enableGelid": true,
  "enableGelidSpawns": true,
  "gelidSpawnChance": 0.8,
  "gelidMinimumYLevel": -64.0,
  "enableGelidSpawners": true,
  "gelidSpawnerChance": 0.8,
  "enableMurk": true,
  "enableMurkSpawns": true,
  "enableThicket": true,
  "enableThicketSpawns": true,
  "thicketSpawnChance": 0.8,
  "thicketMinimumYLevel": -64.0,
  "enableThicketSpawners": true,
  "thicketSpawnerChance": 0.8,
  "enableVerdant": true,
  "enableVerdantSpawns": true,
  "verdantSpawnChance": 0.8,
  "verdantMinimumYLevel": -64.0,
  "enableVerdantSpawners": true,
  "verdantSpawnerChance": 0.8
}
